,平均打率,安打差,二塁打差,三塁打差,本塁打差,塁打差,得点差,三振差,四球差,死球差,犠打差,犠飛差,盗塁差,盗塁死差,併殺打差,平均出塁率,平均長打率,平均ＯＰＳ,平均得点圏,登板差,先発差,完投差,ＱＳ差,勝利差,敗戦差,ホールド差,セーブ差,被安打差,被本塁打差,奪三振差,与四球差,与死球差,暴投差,ボーク差,失点差,自責点差,防御率,投球回,勝率,奪三振率,被打率,Ｋ／ＢＢ,ＷＨＩＰ,point
ホーム,0.21022222222222223,-168.0,-17.0,-1.0,-9.0,-214.0,-77.0,25.0,-33.0,0.0,0.0,1.0,20.0,2.0,-30.0,0.29,0.34055555555555556,0.6304444444444445,0.22899999999999998,-1.0,-1.0,0.0,0.0,0.0,0.0,0.0,0.0,5.0,1.0,-4.0,0.0,6.0,-1.0,0.0,13.0,12.0,5.93,44.0,0.429,7.98,0.304,2.6,1.52,2
アウェー,0.275,168.0,17.0,1.0,9.0,214.0,77.0,-25.0,33.0,0.0,0.0,-1.0,-20.0,-2.0,30.0,0.3446666666666666,0.40488888888888885,0.7495555555555555,0.28366666666666673,1.0,1.0,0.0,0.0,0.0,0.0,0.0,0.0,-5.0,-1.0,4.0,0.0,-6.0,1.0,0.0,-13.0,-12.0,2.68,57.0,0.429,6.79,0.221,2.87,1.09,0
ホーム,0.2488888888888889,31.0,2.0,-1.0,4.0,43.0,-10.0,73.0,24.0,-3.0,-1.0,0.0,9.0,2.0,3.0,0.33366666666666667,0.3741111111111111,0.708,0.30822222222222223,22.0,-1.0,0.0,-1.0,-1.0,2.0,8.0,0.0,6.0,3.0,10.0,11.0,0.0,0.0,0.0,9.0,8.0,4.5,22.0,0.0,11.45,0.162,2.0,1.18,6
アウェー,0.24733333333333332,-31.0,-2.0,1.0,-4.0,-43.0,10.0,-73.0,-24.0,3.0,1.0,0.0,-9.0,-2.0,-3.0,0.318,0.36922222222222223,0.6869999999999999,0.2872222222222222,-22.0,1.0,0.0,1.0,1.0,-2.0,-8.0,0.0,-6.0,-3.0,-10.0,-11.0,0.0,0.0,0.0,-9.0,-8.0,2.7,10.0,1.0,16.2,0.171,6.0,0.9,7
ホーム,0.26188888888888884,147.0,27.0,-3.0,37.0,279.0,106.0,48.0,78.0,1.0,1.0,7.0,0.0,-2.0,24.0,0.33455555555555555,0.44488888888888883,0.7794444444444444,0.2762222222222222,1.0,1.0,0.0,3.0,-1.0,4.0,0.0,0.0,28.0,4.0,4.0,-12.0,-1.0,-3.0,-2.0,10.0,9.0,3.28,60.1,0.444,9.85,0.236,4.4,1.14,5
アウェー,0.23677777777777775,-147.0,-27.0,3.0,-37.0,-279.0,-106.0,-48.0,-78.0,-1.0,-1.0,-7.0,0.0,2.0,-24.0,0.3044444444444444,0.4,0.7043333333333334,0.2548888888888889,-1.0,-1.0,0.0,-3.0,1.0,-4.0,0.0,0.0,-28.0,-4.0,-4.0,12.0,1.0,3.0,2.0,-10.0,-9.0,2.39,49.0,0.833,11.39,0.154,2.3,1.08,0
ホーム,0.25111111111111106,26.0,-2.0,1.0,10.0,56.0,44.0,34.0,55.0,-1.0,0.0,10.0,13.0,6.0,3.0,0.3418888888888889,0.4081111111111111,0.7500000000000001,0.2765555555555556,-1.0,-1.0,0.0,-5.0,-5.0,2.0,0.0,0.0,4.0,3.0,-27.0,-8.0,0.0,-6.0,0.0,5.0,5.0,4.43,44.2,0.0,8.87,0.25,4.0,1.23,5
アウェー,0.24033333333333332,-26.0,2.0,-1.0,-10.0,-56.0,-44.0,-34.0,-55.0,1.0,0.0,-10.0,-13.0,-6.0,-3.0,0.3053333333333333,0.37044444444444447,0.6756666666666667,0.2723333333333333,1.0,1.0,0.0,5.0,5.0,-2.0,0.0,0.0,-4.0,-3.0,27.0,8.0,0.0,6.0,0.0,-5.0,-5.0,2.52,60.2,0.625,10.53,0.183,3.74,0.97,2
ホーム,0.19377777777777777,-146.0,-10.0,1.0,-8.0,-178.0,-61.0,52.0,-18.0,5.0,-3.0,0.0,20.0,3.0,-29.0,0.283,0.3204444444444444,0.6032222222222222,0.2001111111111111,1.0,1.0,0.0,-1.0,0.0,2.0,0.0,0.0,14.0,0.0,20.0,2.0,-3.0,1.0,1.0,6.0,8.0,5.0,45.0,0.286,9.0,0.261,2.65,1.42,4
アウェー,0.22933333333333333,146.0,10.0,-1.0,8.0,178.0,61.0,-52.0,18.0,-5.0,3.0,0.0,-20.0,-3.0,29.0,0.2847777777777778,0.3526666666666667,0.6376666666666666,0.22233333333333333,-1.0,-1.0,0.0,1.0,0.0,-2.0,0.0,0.0,-14.0,0.0,-20.0,-2.0,3.0,-1.0,-1.0,-6.0,-8.0,4.37,35.0,0.4,6.43,0.241,1.67,1.37,6
ホーム,0.23155555555555557,-14.0,-9.0,4.0,1.0,-12.0,24.0,35.0,45.0,3.0,0.0,8.0,-5.0,3.0,-2.0,0.31155555555555553,0.3864444444444445,0.698,0.224,-11.0,-4.0,0.0,-1.0,-1.0,-1.0,-1.0,0.0,-31.0,-2.0,-39.0,-13.0,0.0,-1.0,0.0,-14.0,-14.0,0.0,0.0,0.0,0.0,0.0,0.0,0.0,0
アウェー,0.22844444444444445,14.0,9.0,-4.0,-1.0,12.0,-24.0,-35.0,-45.0,-3.0,0.0,-8.0,5.0,-3.0,2.0,0.33588888888888885,0.3691111111111111,0.7048888888888888,0.26355555555555554,11.0,4.0,0.0,1.0,1.0,1.0,1.0,0.0,31.0,2.0,39.0,13.0,0.0,1.0,0.0,14.0,14.0,3.57,35.1,0.5,9.93,0.238,3.0,1.25,3
ホーム,0.21722222222222223,-8.0,1.0,0.0,9.0,20.0,4.0,-3.0,8.0,2.0,-4.0,-6.0,-4.0,-1.0,-8.0,0.27611111111111114,0.37188888888888894,0.6477777777777778,0.19699999999999998,7.0,7.0,0.0,3.0,0.0,3.0,0.0,0.0,49.0,4.0,33.0,10.0,2.0,0.0,0.0,24.0,22.0,5.69,49.0,0.2,7.71,0.298,3.0,1.49,10
アウェー,0.2317777777777778,8.0,-1.0,0.0,-9.0,-20.0,-4.0,3.0,-8.0,-2.0,4.0,6.0,4.0,1.0,8.0,0.28155555555555556,0.3668888888888889,0.6485555555555556,0.20544444444444443,-7.0,-7.0,0.0,-3.0,0.0,-3.0,0.0,0.0,-49.0,-4.0,-33.0,-10.0,-2.0,0.0,0.0,-24.0,-22.0,9.35,8.2,0.5,9.35,0.286,2.25,1.62,9
ホーム,0.24600000000000005,19.0,0.0,10.0,-6.0,21.0,-1.0,28.0,-23.0,2.0,-2.0,5.0,-10.0,1.0,-5.0,0.30622222222222223,0.37855555555555553,0.6847777777777778,0.2722222222222222,0.0,0.0,0.0,-4.0,1.0,0.0,0.0,0.0,3.0,-2.0,-29.0,3.0,-2.0,-1.0,0.0,3.0,0.0,4.89,42.1,0.4,9.14,0.301,3.91,1.51,1
アウェー,0.2363333333333333,-19.0,0.0,-10.0,6.0,-21.0,1.0,-28.0,23.0,-2.0,2.0,-5.0,10.0,-1.0,5.0,0.3141111111111112,0.39100000000000007,0.7050000000000001,0.24022222222222223,0.0,0.0,0.0,4.0,-1.0,0.0,0.0,0.0,-3.0,2.0,29.0,-3.0,2.0,1.0,0.0,-3.0,0.0,3.79,54.2,0.25,11.85,0.242,9.0,1.06,9
ホーム,0.23388888888888892,-100.0,-14.0,-11.0,-41.0,-259.0,-98.0,-53.0,-37.0,-4.0,2.0,-8.0,-19.0,3.0,8.0,0.2884444444444444,0.3542222222222222,0.6426666666666666,0.23977777777777776,4.0,4.0,0.0,4.0,4.0,-1.0,0.0,0.0,22.0,2.0,34.0,9.0,1.0,0.0,0.0,6.0,7.0,3.15,40.0,0.8,9.9,0.243,2.93,1.3,6
アウェー,0.2545555555555556,100.0,14.0,11.0,41.0,259.0,98.0,53.0,37.0,4.0,-2.0,8.0,19.0,-3.0,-8.0,0.31533333333333335,0.464,0.7796666666666666,0.2793333333333334,-4.0,-4.0,0.0,-4.0,-4.0,1.0,0.0,0.0,-22.0,-2.0,-34.0,-9.0,-1.0,0.0,0.0,-6.0,-7.0,5.56,11.1,0.0,7.94,0.306,1.67,1.85,8
ホーム,0.238,-46.0,-22.0,-1.0,-7.0,-91.0,-46.0,1.0,-11.0,-13.0,2.0,-2.0,-6.0,-2.0,-6.0,0.30188888888888893,0.3893333333333333,0.6912222222222222,0.22566666666666668,-5.0,-9.0,0.0,-4.0,-1.0,-2.0,0.0,0.0,-28.0,-6.0,-19.0,-13.0,0.0,0.0,0.0,-17.0,-17.0,2.89,9.1,1.0,9.64,0.25,0.0,0.96,11
アウェー,0.241,46.0,22.0,1.0,7.0,91.0,46.0,-1.0,11.0,13.0,-2.0,2.0,6.0,2.0,6.0,0.32288888888888884,0.39955555555555555,0.7223333333333333,0.2576666666666667,5.0,9.0,0.0,4.0,1.0,2.0,0.0,0.0,28.0,6.0,19.0,13.0,0.0,0.0,0.0,17.0,17.0,3.53,51.0,0.5,5.12,0.203,2.23,0.98,5
ホーム,0.239,-6.0,-5.0,9.0,-3.0,-2.0,-4.0,34.0,-3.0,3.0,-2.0,1.0,-11.0,-1.0,-16.0,0.31666666666666665,0.3775555555555556,0.6945555555555556,0.24688888888888888,-4.0,-4.0,0.0,0.0,0.0,0.0,0.0,0.0,-22.0,-6.0,-4.0,-4.0,2.0,0.0,0.0,-15.0,-17.0,3.0,18.0,0.5,9.5,0.167,3.17,0.94,6
アウェー,0.2416666666666667,6.0,5.0,-9.0,3.0,2.0,4.0,-34.0,3.0,-3.0,2.0,-1.0,11.0,1.0,16.0,0.31866666666666665,0.39066666666666666,0.7093333333333334,0.2561111111111111,4.0,4.0,0.0,0.0,0.0,0.0,0.0,0.0,22.0,6.0,4.0,4.0,-2.0,0.0,0.0,15.0,17.0,6.75,30.2,0.5,6.75,0.27,2.3,1.4,2
ホーム,0.21455555555555555,-13.0,13.0,1.0,-11.0,-31.0,-5.0,-89.0,-19.0,6.0,5.0,-1.0,29.0,0.0,-10.0,0.294,0.3561111111111111,0.650111111111111,0.2283333333333333,1.0,1.0,0.0,2.0,2.0,0.0,0.0,0.0,4.0,3.0,0.0,-11.0,0.0,0.0,1.0,3.0,8.0,3.99,56.1,0.5,8.63,0.237,10.8,1.01,6
アウェー,0.21777777777777776,13.0,-13.0,-1.0,11.0,31.0,5.0,89.0,19.0,-6.0,-5.0,1.0,-29.0,0.0,10.0,0.30000000000000004,0.3821111111111111,0.681888888888889,0.255,-1.0,-1.0,0.0,-2.0,-2.0,0.0,0.0,0.0,-4.0,-3.0,0.0,11.0,0.0,0.0,-1.0,-3.0,-8.0,3.3,46.1,0.333,10.49,0.268,3.38,1.38,1
ホーム,0.20255555555555554,-111.0,-34.0,-8.0,-11.0,-194.0,-69.0,16.0,-6.0,7.0,-2.0,-8.0,2.0,8.0,0.0,0.2848888888888889,0.32155555555555554,0.6066666666666667,0.20733333333333331,-8.0,7.0,0.0,8.0,6.0,0.0,-3.0,-1.0,30.0,4.0,32.0,4.0,1.0,-1.0,-1.0,3.0,3.0,1.79,65.1,0.875,7.99,0.212,4.46,0.98,1
アウェー,0.2638888888888889,111.0,34.0,8.0,11.0,194.0,69.0,-16.0,6.0,-7.0,2.0,8.0,-2.0,-8.0,0.0,0.3185555555555555,0.4205555555555555,0.7388888888888888,0.33355555555555555,8.0,-7.0,0.0,-8.0,-6.0,0.0,3.0,1.0,-30.0,-4.0,-32.0,-4.0,-1.0,1.0,1.0,-3.0,-3.0,4.03,22.1,0.5,10.48,0.244,2.89,1.34,8
ホーム,0.241,-62.0,-5.0,5.0,-1.0,-60.0,-31.0,-16.0,-41.0,0.0,-1.0,0.0,-26.0,-4.0,1.0,0.30377777777777776,0.4088888888888889,0.7123333333333333,0.25622222222222224,3.0,-10.0,0.0,-5.0,2.0,-1.0,1.0,0.0,-29.0,-1.0,-46.0,-14.0,0.0,0.0,0.0,-9.0,-8.0,2.7,20.0,0.8,4.95,0.253,2.75,1.15,2
アウェー,0.26488888888888895,62.0,5.0,-5.0,1.0,60.0,31.0,16.0,41.0,0.0,1.0,0.0,26.0,4.0,-1.0,0.34400000000000003,0.4342222222222223,0.7781111111111111,0.3093333333333333,-3.0,10.0,0.0,5.0,-2.0,1.0,-1.0,0.0,29.0,1.0,46.0,14.0,0.0,0.0,0.0,9.0,8.0,2.17,58.0,0.5,8.84,0.222,3.17,1.14,7
ホーム,0.22099999999999997,-125.0,-28.0,-2.0,-16.0,-205.0,-69.0,-26.0,-35.0,3.0,2.0,-1.0,27.0,4.0,-16.0,0.3055555555555555,0.3551111111111111,0.6607777777777779,0.36944444444444446,-1.0,-1.0,0.0,1.0,2.0,-3.0,0.0,0.0,-14.0,-2.0,-16.0,6.0,-1.0,0.0,0.0,-14.0,-9.0,2.84,44.1,1.0,4.87,0.233,1.0,1.38,9
アウェー,0.25788888888888883,125.0,28.0,2.0,16.0,205.0,69.0,26.0,35.0,-3.0,-2.0,1.0,-27.0,-4.0,16.0,0.3336666666666666,0.42155555555555557,0.7554444444444445,0.28177777777777785,1.0,1.0,0.0,-1.0,-2.0,3.0,0.0,0.0,14.0,2.0,16.0,-6.0,1.0,0.0,0.0,14.0,9.0,4.25,48.2,0.5,7.4,0.263,2.22,1.42,6
ホーム,0.2596666666666667,43.0,10.0,-1.0,7.0,72.0,11.0,17.0,7.0,13.0,2.0,-4.0,18.0,3.0,0.0,0.32388888888888884,0.4255555555555556,0.7495555555555556,0.2573333333333333,7.0,7.0,0.0,3.0,4.0,-1.0,0.0,0.0,33.0,3.0,32.0,15.0,3.0,1.0,0.0,14.0,14.0,3.6,55.0,0.8,8.02,0.245,2.58,1.27,7
アウェー,0.277,-43.0,-10.0,1.0,-7.0,-72.0,-11.0,-17.0,-7.0,-13.0,-2.0,4.0,-18.0,-3.0,0.0,0.3442222222222222,0.4328888888888889,0.777,0.2651111111111111,-7.0,-7.0,0.0,-3.0,-4.0,1.0,0.0,0.0,-33.0,-3.0,-32.0,-15.0,-3.0,-1.0,0.0,-14.0,-14.0,4.32,16.2,0.0,9.18,0.277,4.25,1.32,8
ホーム,0.24511111111111117,-90.0,-1.0,2.0,-15.0,-132.0,-48.0,-22.0,-46.0,-1.0,1.0,0.0,0.0,3.0,-3.0,0.3051111111111111,0.4076666666666666,0.7126666666666668,0.24044444444444446,4.0,-6.0,0.0,-2.0,-3.0,1.0,0.0,0.0,-6.0,-2.0,-25.0,4.0,0.0,1.0,0.0,-7.0,-9.0,3.29,38.1,0.25,5.63,0.221,1.85,1.17,3
アウェー,0.2517777777777778,90.0,1.0,-2.0,15.0,132.0,48.0,22.0,46.0,1.0,-1.0,0.0,0.0,-3.0,3.0,0.3225555555555555,0.4002222222222222,0.7228888888888888,0.298,-4.0,6.0,0.0,2.0,3.0,-1.0,0.0,0.0,6.0,2.0,25.0,-4.0,0.0,-1.0,0.0,7.0,9.0,4.4,47.0,0.667,9.38,0.221,5.44,1.0,2
ホーム,0.2524444444444444,-46.0,-7.0,-11.0,-28.0,-159.0,-75.0,-16.0,-15.0,-2.0,1.0,-6.0,-17.0,3.0,12.0,0.32033333333333336,0.40388888888888885,0.7244444444444444,0.2376666666666667,0.0,2.0,0.0,5.0,2.0,-2.0,0.0,0.0,1.0,-1.0,26.0,0.0,0.0,0.0,1.0,-9.0,-11.0,2.41,59.2,0.667,9.05,0.21,4.0,1.02,4
アウェー,0.2367777777777778,46.0,7.0,11.0,28.0,159.0,75.0,16.0,15.0,2.0,-1.0,6.0,17.0,-3.0,-12.0,0.29222222222222227,0.4211111111111111,0.7135555555555556,0.27388888888888885,0.0,-2.0,0.0,-5.0,-2.0,2.0,0.0,0.0,-1.0,1.0,-26.0,0.0,0.0,0.0,-1.0,9.0,11.0,5.48,44.1,0.333,6.9,0.262,2.27,1.35,6
ホーム,0.23866666666666664,-30.0,10.0,-4.0,-13.0,-67.0,-73.0,17.0,-69.0,-3.0,2.0,-8.0,-17.0,-6.0,-1.0,0.2914444444444444,0.36666666666666664,0.657888888888889,0.24555555555555555,3.0,6.0,0.0,4.0,1.0,1.0,0.0,0.0,27.0,0.0,37.0,14.0,0.0,3.0,1.0,11.0,6.0,3.31,49.0,0.4,8.63,0.275,2.61,1.45,3
アウェー,0.2511111111111111,30.0,-10.0,4.0,13.0,67.0,73.0,-17.0,69.0,3.0,-2.0,8.0,17.0,6.0,1.0,0.33111111111111113,0.39399999999999996,0.7250000000000001,0.272,-3.0,-6.0,0.0,-4.0,-1.0,-1.0,0.0,0.0,-27.0,0.0,-37.0,-14.0,0.0,-3.0,-1.0,-11.0,-6.0,5.14,21.0,0.333,4.29,0.317,2.5,1.43,2
ホーム,0.259,-7.0,-12.0,2.0,0.0,-15.0,-34.0,8.0,-19.0,-19.0,2.0,-2.0,-5.0,0.0,-11.0,0.3231111111111111,0.4377777777777777,0.760888888888889,0.23000000000000004,0.0,0.0,0.0,1.0,3.0,-4.0,0.0,0.0,3.0,6.0,-10.0,-4.0,1.0,0.0,-2.0,-1.0,2.0,4.91,51.1,0.714,7.54,0.287,2.69,1.44,4
アウェー,0.235,7.0,12.0,-2.0,0.0,15.0,34.0,-8.0,19.0,19.0,-2.0,2.0,5.0,0.0,11.0,0.3121111111111111,0.38022222222222224,0.6923333333333334,0.3274444444444444,0.0,0.0,0.0,-1.0,-3.0,4.0,0.0,0.0,-3.0,-6.0,10.0,4.0,-1.0,0.0,2.0,1.0,-2.0,4.59,51.0,0.25,9.35,0.272,2.65,1.47,10
ホーム,0.2488888888888889,46.0,25.0,5.0,1.0,84.0,54.0,2.0,40.0,2.0,-3.0,8.0,-8.0,0.0,-4.0,0.31533333333333335,0.3924444444444444,0.7077777777777777,0.2807777777777778,-7.0,-7.0,0.0,-5.0,-5.0,-3.0,0.0,0.0,-30.0,-4.0,-42.0,-11.0,2.0,-4.0,0.0,-6.0,-6.0,10.24,9.2,0.0,12.1,0.293,4.33,1.55,0
アウェー,0.22344444444444445,-46.0,-25.0,-5.0,-1.0,-84.0,-54.0,-2.0,-40.0,-2.0,3.0,-8.0,8.0,0.0,4.0,0.2732222222222222,0.348,0.6212222222222221,0.2977777777777778,7.0,7.0,0.0,5.0,5.0,3.0,0.0,0.0,30.0,4.0,42.0,11.0,-2.0,4.0,0.0,6.0,6.0,3.02,50.2,0.625,9.77,0.222,3.93,1.11,3
ホーム,0.28,31.0,-1.0,3.0,-22.0,-30.0,-6.0,-63.0,-32.0,-3.0,0.0,-7.0,10.0,3.0,7.0,0.348,0.4103333333333334,0.7583333333333333,0.28855555555555557,1.0,1.0,0.0,3.0,1.0,1.0,0.0,0.0,20.0,7.0,9.0,3.0,5.0,-1.0,1.0,9.0,9.0,3.27,55.0,0.714,9.0,0.237,3.44,1.2,0
アウェー,0.2568888888888889,-31.0,1.0,-3.0,22.0,30.0,6.0,63.0,32.0,3.0,0.0,7.0,-10.0,-3.0,-7.0,0.33744444444444444,0.4278888888888889,0.7655555555555554,0.2824444444444445,-1.0,-1.0,0.0,-3.0,-1.0,-1.0,0.0,0.0,-20.0,-7.0,-9.0,-3.0,-5.0,1.0,-1.0,-9.0,-9.0,2.08,47.2,0.8,8.69,0.179,3.54,0.9,8
ホーム,0.211,-118.0,-13.0,2.0,-10.0,-157.0,-62.0,33.0,-57.0,-2.0,1.0,-5.0,-15.0,2.0,-14.0,0.2674444444444444,0.37388888888888894,0.6415555555555554,0.19955555555555557,-4.0,-4.0,0.0,1.0,1.0,-6.0,0.0,0.0,-42.0,1.0,-6.0,2.0,0.0,-1.0,-1.0,-23.0,-15.0,3.97,34.0,0.5,6.88,0.22,1.86,1.21,3
アウェー,0.26588888888888884,118.0,13.0,-2.0,10.0,157.0,62.0,-33.0,57.0,2.0,-1.0,5.0,15.0,-2.0,14.0,0.34022222222222226,0.4343333333333333,0.7744444444444443,0.2543333333333333,4.0,4.0,0.0,-1.0,-1.0,6.0,0.0,0.0,42.0,-1.0,6.0,-2.0,0.0,1.0,1.0,23.0,15.0,5.19,52.0,0.111,5.54,0.317,2.67,1.56,6
ホーム,0.24122222222222225,52.0,17.0,5.0,0.0,79.0,32.0,52.0,14.0,5.0,-6.0,0.0,1.0,0.0,7.0,0.3052222222222223,0.3695555555555556,0.6748888888888889,0.26688888888888884,0.0,0.0,0.0,0.0,-3.0,3.0,0.0,0.0,6.0,6.0,-4.0,0.0,0.0,1.0,0.0,4.0,5.0,3.05,59.0,0.429,10.37,0.215,6.8,0.97,8
アウェー,0.2406666666666667,-52.0,-17.0,-5.0,0.0,-79.0,-32.0,-52.0,-14.0,-5.0,6.0,0.0,-1.0,0.0,-7.0,0.30266666666666664,0.3795555555555556,0.6822222222222222,0.23299999999999998,0.0,0.0,0.0,0.0,3.0,-3.0,0.0,0.0,-6.0,-6.0,4.0,0.0,0.0,-1.0,0.0,-4.0,-5.0,2.25,60.0,0.857,10.8,0.187,7.2,0.85,0
ホーム,0.21233333333333335,-45.0,3.0,3.0,2.0,-30.0,7.0,47.0,20.0,9.0,-8.0,-1.0,41.0,15.0,2.0,0.30033333333333334,0.34944444444444445,0.6499999999999999,0.27166666666666667,0.0,-9.0,0.0,-2.0,-2.0,-2.0,1.0,0.0,-28.0,-5.0,-22.0,-11.0,-3.0,1.0,0.0,-17.0,-14.0,6.3,10.0,0.0,5.4,0.318,1.2,1.9,3
アウェー,0.2473333333333333,45.0,-3.0,-3.0,-2.0,30.0,-7.0,-47.0,-20.0,-9.0,8.0,1.0,-41.0,-15.0,-2.0,0.32122222222222224,0.3716666666666667,0.692888888888889,0.2192222222222222,0.0,9.0,0.0,2.0,2.0,2.0,-1.0,0.0,28.0,5.0,22.0,11.0,3.0,-1.0,0.0,17.0,14.0,4.61,41.0,0.4,6.15,0.258,1.75,1.41,5
ホーム,0.227,-50.0,-22.0,-4.0,-6.0,-98.0,-56.0,-68.0,-20.0,0.0,-5.0,-12.0,-5.0,-3.0,-4.0,0.29344444444444445,0.3378888888888889,0.6311111111111111,0.2542222222222222,0.0,-1.0,0.0,-1.0,0.0,0.0,0.0,0.0,23.0,-4.0,-19.0,-8.0,-2.0,1.0,0.0,0.0,3.0,6.03,34.1,0.5,7.34,0.353,2.8,1.83,6
アウェー,0.24344444444444444,50.0,22.0,4.0,6.0,98.0,56.0,68.0,20.0,0.0,5.0,12.0,5.0,3.0,4.0,0.3211111111111111,0.3847777777777778,0.7057777777777778,0.2581111111111112,0.0,1.0,0.0,1.0,0.0,0.0,0.0,0.0,-23.0,4.0,19.0,8.0,2.0,-1.0,0.0,0.0,-3.0,4.43,40.2,0.5,10.4,0.203,2.61,1.18,1
ホーム,0.2667777777777778,-76.0,0.0,-7.0,-15.0,-135.0,-63.0,-80.0,-88.0,-2.0,0.0,-9.0,-21.0,-5.0,0.0,0.3284444444444445,0.4023333333333333,0.7306666666666666,0.29933333333333334,-1.0,-1.0,0.0,-1.0,-2.0,2.0,0.0,0.0,3.0,-6.0,-6.0,-2.0,-5.0,2.0,1.0,-3.0,-7.0,3.15,54.1,0.4,8.12,0.278,2.58,1.45,1
アウェー,0.2335555555555556,76.0,0.0,7.0,15.0,135.0,63.0,80.0,88.0,2.0,0.0,9.0,21.0,5.0,0.0,0.3207777777777778,0.378,0.6986666666666667,0.274,1.0,1.0,0.0,1.0,2.0,-2.0,0.0,0.0,-3.0,6.0,6.0,2.0,5.0,-2.0,-1.0,3.0,7.0,3.9,60.0,0.8,8.25,0.25,2.62,1.3,6
ホーム,0.25122222222222224,-106.0,-32.0,-7.0,-24.0,-224.0,-80.0,-26.0,-68.0,-1.0,6.0,-9.0,1.0,1.0,-15.0,0.30377777777777776,0.39588888888888885,0.6996666666666667,0.23933333333333331,9.0,9.0,0.0,4.0,5.0,0.0,0.0,0.0,42.0,7.0,28.0,28.0,0.0,3.0,0.0,19.0,19.0,3.49,49.0,1.0,5.14,0.239,1.0,1.43,3
アウェー,0.26355555555555554,106.0,32.0,7.0,24.0,224.0,80.0,26.0,68.0,1.0,-6.0,9.0,-1.0,-1.0,15.0,0.3302222222222222,0.43655555555555553,0.766888888888889,0.23644444444444446,-9.0,-9.0,0.0,-4.0,-5.0,0.0,0.0,0.0,-42.0,-7.0,-28.0,-28.0,0.0,-3.0,0.0,-19.0,-19.0,0.0,0.0,0.0,0.0,0.0,0.0,0.0,10
ホーム,0.2407777777777778,33.0,7.0,8.0,-3.0,47.0,25.0,-2.0,7.0,6.0,0.0,1.0,-8.0,-2.0,1.0,0.3142222222222222,0.36388888888888893,0.6782222222222223,0.2454444444444444,3.0,3.0,0.0,2.0,1.0,0.0,0.0,0.0,12.0,1.0,21.0,4.0,1.0,0.0,0.0,4.0,4.0,2.25,16.0,1.0,11.81,0.211,5.25,1.0,2
アウェー,0.20888888888888887,-33.0,-7.0,-8.0,3.0,-47.0,-25.0,2.0,-7.0,-6.0,0.0,-1.0,8.0,2.0,-1.0,0.283,0.31855555555555554,0.6016666666666667,0.25477777777777777,-3.0,-3.0,0.0,-2.0,-1.0,0.0,0.0,0.0,-12.0,-1.0,-21.0,-4.0,-1.0,0.0,0.0,-4.0,-4.0,0.0,0.0,0.0,0.0,0.0,0.0,0.0,10
ホーム,0.2788888888888889,131.0,22.0,3.0,5.0,174.0,78.0,-17.0,67.0,-1.0,0.0,-1.0,12.0,-1.0,15.0,0.3502222222222222,0.41733333333333333,0.7676666666666666,0.2846666666666666,-7.0,-7.0,1.0,-2.0,-3.0,-2.0,0.0,0.0,-23.0,-5.0,-32.0,-11.0,2.0,-1.0,0.0,-8.0,-7.0,5.3,18.2,1.0,9.16,0.222,6.33,1.02,1
アウェー,0.22999999999999998,-131.0,-22.0,-3.0,-5.0,-174.0,-78.0,17.0,-67.0,1.0,0.0,1.0,-12.0,1.0,-15.0,0.2823333333333334,0.3611111111111111,0.6437777777777778,0.2931111111111111,7.0,7.0,-1.0,2.0,3.0,2.0,0.0,0.0,23.0,5.0,32.0,11.0,-2.0,1.0,0.0,8.0,7.0,3.04,53.1,0.667,8.61,0.203,3.64,0.99,9
ホーム,0.232,-6.0,-1.0,-6.0,23.0,50.0,32.0,1.0,4.0,2.0,-1.0,4.0,-2.0,-6.0,-1.0,0.28844444444444445,0.4183333333333333,0.7068888888888889,0.256,0.0,0.0,0.0,-3.0,-2.0,1.0,0.0,0.0,2.0,-2.0,-5.0,3.0,2.0,-1.0,-2.0,1.0,1.0,2.89,62.1,0.4,8.81,0.234,3.05,1.2,6
アウェー,0.25722222222222224,6.0,1.0,6.0,-23.0,-50.0,-32.0,-1.0,-4.0,-2.0,1.0,-4.0,2.0,6.0,1.0,0.323,0.4144444444444445,0.7371111111111112,0.27122222222222225,0.0,0.0,0.0,3.0,2.0,-1.0,0.0,0.0,-2.0,2.0,5.0,-3.0,-2.0,1.0,2.0,-1.0,-1.0,2.6,65.2,0.667,9.05,0.217,3.88,1.07,1
ホーム,0.23155555555555557,40.0,-11.0,-2.0,-16.0,-23.0,24.0,-3.0,25.0,7.0,-1.0,3.0,15.0,6.0,9.0,0.30944444444444447,0.3414444444444445,0.6507777777777778,0.23655555555555555,-5.0,-5.0,0.0,-4.0,-2.0,-1.0,0.0,0.0,-8.0,-3.0,-29.0,-11.0,-2.0,-2.0,0.0,-5.0,-5.0,7.47,15.2,0.5,8.62,0.274,3.75,1.34,4
アウェー,0.24288888888888888,-40.0,11.0,2.0,16.0,23.0,-24.0,3.0,-25.0,-7.0,1.0,-3.0,-15.0,-6.0,-9.0,0.30522222222222223,0.42966666666666664,0.735111111111111,0.2676666666666667,5.0,5.0,0.0,4.0,2.0,1.0,0.0,0.0,8.0,3.0,29.0,11.0,2.0,2.0,0.0,5.0,5.0,3.98,40.2,0.6,9.74,0.177,2.93,0.98,3
ホーム,0.21844444444444444,-119.0,-23.0,-4.0,-18.0,-204.0,-84.0,-28.0,-74.0,4.0,5.0,-7.0,-15.0,3.0,-15.0,0.2842222222222222,0.3291111111111111,0.6134444444444445,0.23222222222222222,-7.0,-5.0,0.0,0.0,-1.0,-2.0,0.0,0.0,-34.0,-3.0,-13.0,-9.0,4.0,-2.0,-1.0,-15.0,-21.0,3.97,22.2,0.333,9.13,0.19,2.88,1.06,1
アウェー,0.2361111111111111,119.0,23.0,4.0,18.0,204.0,84.0,28.0,74.0,-4.0,-5.0,7.0,15.0,-3.0,15.0,0.3135555555555556,0.376,0.6897777777777778,0.23077777777777778,7.0,5.0,0.0,0.0,1.0,2.0,0.0,0.0,34.0,3.0,13.0,9.0,-4.0,2.0,1.0,15.0,21.0,5.69,49.0,0.333,6.61,0.262,2.12,1.37,3
ホーム,0.2573333333333333,32.0,13.0,-1.0,5.0,58.0,4.0,-32.0,-17.0,-3.0,4.0,-6.0,33.0,-2.0,-2.0,0.33544444444444443,0.43288888888888893,0.7681111111111112,0.29799999999999993,-4.0,3.0,0.0,4.0,2.0,-1.0,0.0,0.0,6.0,-4.0,20.0,-8.0,-2.0,-2.0,0.0,-7.0,-9.0,0.84,53.2,1.0,9.73,0.2,6.44,0.91,10
アウェー,0.22899999999999998,-32.0,-13.0,1.0,-5.0,-58.0,-4.0,32.0,17.0,3.0,-4.0,6.0,-33.0,2.0,2.0,0.3073333333333334,0.37433333333333335,0.6816666666666668,0.22644444444444448,4.0,-3.0,0.0,-4.0,-2.0,1.0,0.0,0.0,-6.0,4.0,-20.0,8.0,2.0,2.0,0.0,7.0,9.0,2.86,44.0,0.75,7.77,0.213,2.24,1.16,6
ホーム,0.24877777777777776,-24.0,6.0,-5.0,9.0,-1.0,-19.0,28.0,8.0,7.0,-3.0,3.0,-22.0,-3.0,7.0,0.32122222222222224,0.4356666666666667,0.7567777777777777,0.2596666666666667,1.0,1.0,0.0,5.0,3.0,-1.0,0.0,0.0,13.0,-1.0,7.0,3.0,-1.0,0.0,0.0,-10.0,-11.0,1.74,72.1,0.889,7.59,0.207,4.07,0.97,1
アウェー,0.23855555555555558,24.0,-6.0,5.0,-9.0,1.0,19.0,-28.0,-8.0,-7.0,3.0,-3.0,22.0,3.0,-7.0,0.30733333333333335,0.37377777777777776,0.6808888888888889,0.3032222222222222,-1.0,-1.0,0.0,-5.0,-3.0,1.0,0.0,0.0,-13.0,1.0,-7.0,-3.0,1.0,0.0,0.0,10.0,11.0,4.33,52.0,0.714,9.35,0.22,4.5,1.04,6
ホーム,0.2627777777777778,56.0,14.0,1.0,-12.0,36.0,-36.0,118.0,-6.0,-22.0,3.0,-8.0,-20.0,-6.0,-1.0,0.328,0.4157777777777778,0.7437777777777778,0.2467777777777778,4.0,7.0,0.0,2.0,5.0,0.0,0.0,0.0,34.0,8.0,38.0,13.0,2.0,3.0,0.0,18.0,17.0,4.89,57.0,0.75,7.89,0.289,2.78,1.46,7
アウェー,0.23299999999999996,-56.0,-14.0,-1.0,12.0,-36.0,36.0,-118.0,6.0,22.0,-3.0,8.0,20.0,6.0,1.0,0.309,0.38722222222222225,0.6963333333333334,0.31699999999999995,-4.0,-7.0,0.0,-2.0,-5.0,0.0,0.0,0.0,-34.0,-8.0,-38.0,-13.0,-2.0,-3.0,0.0,-18.0,-17.0,4.55,27.2,0.333,3.9,0.29,2.4,1.3,4
ホーム,0.25722222222222224,-86.0,-8.0,-1.0,-30.0,-186.0,-71.0,-56.0,-86.0,-6.0,1.0,-6.0,8.0,11.0,-24.0,0.30666666666666664,0.4101111111111111,0.7167777777777777,0.2346666666666667,0.0,0.0,0.0,-2.0,1.0,-3.0,0.0,0.0,-18.0,-4.0,26.0,6.0,0.0,2.0,1.0,-5.0,-5.0,2.11,55.1,0.857,11.39,0.143,2.41,1.01,1
アウェー,0.23644444444444446,86.0,8.0,1.0,30.0,186.0,71.0,56.0,86.0,6.0,-1.0,6.0,-8.0,-11.0,24.0,0.3296666666666666,0.4096666666666666,0.7394444444444445,0.24177777777777779,0.0,0.0,0.0,2.0,-1.0,3.0,0.0,0.0,18.0,4.0,-26.0,-6.0,0.0,-2.0,-1.0,5.0,5.0,2.52,64.1,0.556,6.16,0.193,1.91,1.06,2
ホーム,0.23411111111111113,-102.0,-20.0,2.0,-19.0,-175.0,-57.0,75.0,-41.0,4.0,-1.0,-4.0,-2.0,4.0,-16.0,0.30577777777777776,0.38911111111111113,0.695,0.26511111111111113,-4.0,-4.0,0.0,-1.0,-1.0,-3.0,0.0,0.0,-23.0,-2.0,-22.0,8.0,-1.0,-2.0,-1.0,-13.0,-14.0,3.6,40.0,0.6,7.88,0.233,2.5,1.23,2
アウェー,0.2607777777777778,102.0,20.0,-2.0,19.0,175.0,57.0,-75.0,41.0,-4.0,1.0,4.0,2.0,-4.0,16.0,0.3338888888888889,0.4202222222222222,0.7543333333333333,0.255,4.0,4.0,0.0,1.0,1.0,3.0,0.0,0.0,23.0,2.0,22.0,-8.0,1.0,2.0,1.0,13.0,14.0,4.33,62.1,0.444,8.23,0.239,9.5,1.03,1
ホーム,0.2611111111111111,48.0,17.0,-2.0,5.0,76.0,21.0,-20.0,-9.0,-2.0,0.0,-6.0,29.0,0.0,-2.0,0.34344444444444444,0.4324444444444444,0.7755555555555556,0.31433333333333335,-3.0,-2.0,0.0,-1.0,-1.0,0.0,0.0,0.0,-16.0,-2.0,-12.0,-9.0,-1.0,3.0,0.0,-8.0,-13.0,2.58,38.1,0.6,5.87,0.252,2.27,1.28,6
アウェー,0.2305555555555555,-48.0,-17.0,2.0,-5.0,-76.0,-21.0,20.0,9.0,2.0,0.0,6.0,-29.0,0.0,2.0,0.31466666666666665,0.37388888888888894,0.6886666666666668,0.24455555555555553,3.0,2.0,0.0,1.0,1.0,0.0,0.0,0.0,16.0,2.0,12.0,9.0,1.0,-3.0,0.0,8.0,13.0,3.98,54.1,0.667,6.13,0.249,1.85,1.36,4
ホーム,0.21533333333333335,67.0,1.0,-1.0,-12.0,30.0,22.0,63.0,16.0,9.0,1.0,4.0,34.0,16.0,6.0,0.28122222222222226,0.32833333333333337,0.6093333333333333,0.23366666666666663,-18.0,-4.0,0.0,0.0,-1.0,-1.0,-3.0,-1.0,-14.0,-3.0,-22.0,-6.0,1.0,-1.0,0.0,-8.0,-7.0,4.15,8.2,0.0,8.31,0.242,2.67,1.27,6
アウェー,0.23344444444444445,-67.0,-1.0,1.0,12.0,-30.0,-22.0,-63.0,-16.0,-9.0,-1.0,-4.0,-34.0,-16.0,-6.0,0.2811111111111111,0.4252222222222223,0.7065555555555556,0.27711111111111114,18.0,4.0,0.0,0.0,1.0,1.0,3.0,1.0,14.0,3.0,22.0,6.0,-1.0,1.0,0.0,8.0,7.0,3.91,25.1,0.5,10.66,0.229,3.33,1.22,5
ホーム,0.24155555555555555,-60.0,-2.0,-7.0,-3.0,-85.0,-46.0,1.0,-20.0,9.0,-1.0,-3.0,-18.0,-1.0,4.0,0.3028888888888888,0.4011111111111111,0.7040000000000001,0.21755555555555556,-8.0,-9.0,0.0,-3.0,-4.0,-2.0,0.0,0.0,-65.0,-9.0,-44.0,-8.0,-1.0,-3.0,0.0,-27.0,-27.0,0.0,7.0,0.0,7.71,0.095,3.0,0.57,7
アウェー,0.2538888888888889,60.0,2.0,7.0,3.0,85.0,46.0,-1.0,20.0,-9.0,1.0,3.0,18.0,1.0,-4.0,0.318,0.3957777777777778,0.7135555555555556,0.30233333333333334,8.0,9.0,0.0,3.0,4.0,2.0,0.0,0.0,65.0,9.0,44.0,8.0,1.0,3.0,0.0,27.0,27.0,4.39,55.1,0.667,8.13,0.293,5.0,1.39,6
ホーム,0.228,-67.0,-17.0,2.0,-8.0,-104.0,-37.0,154.0,2.0,-1.0,-1.0,-1.0,-6.0,3.0,-9.0,0.3038888888888889,0.3917777777777778,0.6957777777777778,0.2492222222222222,-3.0,-3.0,0.0,-9.0,-1.0,3.0,0.0,0.0,-2.0,-3.0,-23.0,1.0,0.0,-3.0,0.0,5.0,5.0,6.93,37.2,0.286,10.27,0.305,2.15,1.78,0
アウェー,0.2588888888888889,67.0,17.0,-2.0,8.0,104.0,37.0,-154.0,-2.0,1.0,1.0,1.0,6.0,-3.0,9.0,0.3204444444444444,0.41866666666666663,0.7393333333333333,0.26566666666666666,3.0,3.0,0.0,9.0,1.0,-3.0,0.0,0.0,2.0,3.0,23.0,-1.0,0.0,3.0,0.0,-5.0,-5.0,3.06,70.2,0.6,8.41,0.197,3.47,0.96,4
ホーム,0.23399999999999999,-65.0,-17.0,-7.0,-3.0,-105.0,-45.0,-39.0,-8.0,5.0,2.0,-15.0,5.0,-4.0,-13.0,0.31322222222222224,0.3883333333333333,0.7015555555555556,0.24399999999999997,6.0,6.0,0.0,3.0,5.0,2.0,0.0,0.0,30.0,3.0,39.0,10.0,0.0,4.0,0.0,10.0,10.0,3.12,57.2,0.556,9.36,0.233,4.0,1.13,3
アウェー,0.2451111111111111,65.0,17.0,7.0,3.0,105.0,45.0,39.0,8.0,-5.0,-2.0,15.0,-5.0,4.0,13.0,0.311,0.3966666666666667,0.7074444444444444,0.2594444444444444,-6.0,-6.0,0.0,-3.0,-5.0,-2.0,0.0,0.0,-30.0,-3.0,-39.0,-10.0,0.0,-4.0,0.0,-10.0,-10.0,3.97,22.2,0.0,8.34,0.235,4.2,1.1,2
ホーム,0.24611111111111109,49.0,15.0,0.0,14.0,106.0,19.0,62.0,1.0,-4.0,-7.0,-1.0,-45.0,-10.0,3.0,0.3026666666666667,0.3954444444444445,0.6978888888888889,0.25222222222222224,5.0,9.0,0.0,1.0,3.0,-1.0,0.0,0.0,25.0,0.0,27.0,13.0,-1.0,-1.0,1.0,7.0,5.0,2.29,51.0,1.0,7.59,0.223,3.07,1.08,1
アウェー,0.23322222222222225,-49.0,-15.0,0.0,-14.0,-106.0,-19.0,-62.0,-1.0,4.0,7.0,1.0,45.0,10.0,-3.0,0.3031111111111111,0.36200000000000004,0.6648888888888889,0.24899999999999997,-5.0,-9.0,0.0,-1.0,-3.0,1.0,0.0,0.0,-25.0,0.0,-27.0,-13.0,1.0,1.0,-1.0,-7.0,-5.0,5.4,13.1,0.5,10.8,0.291,16.0,1.28,3
ホーム,0.25122222222222224,-89.0,-16.0,1.0,-23.0,-172.0,-69.0,-56.0,-76.0,2.0,2.0,-6.0,13.0,11.0,-24.0,0.31722222222222224,0.42977777777777776,0.7471111111111112,0.2456666666666667,0.0,0.0,0.0,5.0,4.0,-5.0,0.0,0.0,-8.0,3.0,0.0,-5.0,4.0,-3.0,-1.0,-17.0,-14.0,2.95,61.0,0.75,8.41,0.229,3.0,1.18,3
アウェー,0.23666666666666666,89.0,16.0,-1.0,23.0,172.0,69.0,56.0,76.0,-2.0,-2.0,6.0,-13.0,-11.0,24.0,0.327,0.40855555555555545,0.7356666666666666,0.24655555555555553,0.0,0.0,0.0,-5.0,-4.0,5.0,0.0,0.0,8.0,-3.0,0.0,5.0,-4.0,3.0,1.0,17.0,14.0,5.6,54.2,0.222,9.38,0.28,2.38,1.55,8
ホーム,0.23022222222222222,20.0,-8.0,0.0,2.0,18.0,13.0,-45.0,-7.0,1.0,1.0,5.0,-37.0,-11.0,5.0,0.30622222222222223,0.3736666666666666,0.6797777777777778,0.23022222222222222,-1.0,-1.0,0.0,0.0,0.0,2.0,0.0,0.0,15.0,3.0,-14.0,-5.0,4.0,2.0,0.0,18.0,15.0,4.76,58.2,0.571,7.21,0.271,2.24,1.45,4
アウェー,0.22277777777777777,-20.0,8.0,0.0,-2.0,-18.0,-13.0,45.0,7.0,-1.0,-1.0,-5.0,37.0,11.0,-5.0,0.3155555555555556,0.36533333333333334,0.6808888888888889,0.2796666666666667,1.0,1.0,0.0,0.0,0.0,-2.0,0.0,0.0,-15.0,-3.0,14.0,5.0,-4.0,-2.0,0.0,-18.0,-15.0,2.27,63.1,0.8,8.67,0.211,2.35,1.18,5
ホーム,0.25988888888888884,164.0,33.0,10.0,28.0,301.0,124.0,106.0,88.0,6.0,-3.0,15.0,34.0,9.0,16.0,0.335,0.43244444444444446,0.7671111111111111,0.2962222222222222,0.0,0.0,-1.0,-2.0,-4.0,4.0,0.0,0.0,14.0,-1.0,-21.0,-8.0,2.0,-1.0,0.0,11.0,14.0,5.54,65.0,0.333,6.92,0.281,3.57,1.32,4
アウェー,0.21755555555555556,-164.0,-33.0,-10.0,-28.0,-301.0,-124.0,-106.0,-88.0,-6.0,3.0,-15.0,-34.0,-9.0,-16.0,0.2896666666666667,0.3232222222222222,0.6134444444444445,0.18711111111111112,0.0,0.0,1.0,2.0,4.0,-4.0,0.0,0.0,-14.0,1.0,21.0,8.0,-2.0,1.0,0.0,-11.0,-14.0,3.03,77.1,0.778,8.26,0.204,3.23,1.03,2
ホーム,0.24588888888888885,86.0,23.0,4.0,42.0,243.0,75.0,36.0,-9.0,-5.0,-2.0,7.0,-7.0,-11.0,-10.0,0.3071111111111111,0.44188888888888894,0.7488888888888889,0.2743333333333333,0.0,7.0,0.0,3.0,0.0,4.0,-1.0,0.0,41.0,10.0,31.0,8.0,1.0,-1.0,0.0,32.0,31.0,5.37,62.0,0.333,8.71,0.265,3.33,1.34,3
アウェー,0.23022222222222222,-86.0,-23.0,-4.0,-42.0,-243.0,-75.0,-36.0,9.0,5.0,2.0,-7.0,7.0,11.0,10.0,0.32322222222222224,0.35366666666666663,0.676888888888889,0.2524444444444444,0.0,-7.0,0.0,-3.0,0.0,-4.0,1.0,0.0,-41.0,-10.0,-31.0,-8.0,-1.0,1.0,0.0,-32.0,-31.0,1.57,34.1,1.0,7.6,0.197,2.9,0.99,1
ホーム,0.2441111111111111,49.0,13.0,3.0,-1.0,65.0,18.0,-36.0,32.0,3.0,4.0,3.0,8.0,-1.0,12.0,0.31533333333333335,0.386,0.7016666666666667,0.23733333333333334,-1.0,-1.0,-1.0,-4.0,-2.0,-2.0,0.0,0.0,-17.0,-1.0,-20.0,-2.0,-5.0,0.0,0.0,0.0,0.0,3.22,64.1,0.6,5.32,0.197,2.38,0.95,5
アウェー,0.2378888888888889,-49.0,-13.0,-3.0,1.0,-65.0,-18.0,36.0,-32.0,-3.0,-4.0,-3.0,-8.0,1.0,-12.0,0.3025555555555556,0.3664444444444444,0.6688888888888889,0.26966666666666667,1.0,1.0,1.0,4.0,2.0,2.0,0.0,0.0,17.0,1.0,20.0,2.0,5.0,0.0,0.0,0.0,0.0,2.78,74.1,0.556,7.02,0.231,3.22,1.08,3
ホーム,0.22844444444444445,-96.0,-17.0,-2.0,-18.0,-171.0,-73.0,-31.0,-60.0,-2.0,3.0,-3.0,13.0,6.0,6.0,0.28122222222222226,0.33699999999999997,0.6181111111111112,0.261,1.0,-2.0,0.0,2.0,1.0,2.0,-1.0,0.0,2.0,3.0,14.0,2.0,-2.0,1.0,-1.0,-6.0,-5.0,3.74,45.2,0.167,6.11,0.251,1.94,1.34,8
アウェー,0.25433333333333336,96.0,17.0,2.0,18.0,171.0,73.0,31.0,60.0,2.0,-3.0,3.0,-13.0,-6.0,-6.0,0.3237777777777778,0.3864444444444445,0.7102222222222222,0.2885555555555556,-1.0,2.0,0.0,-2.0,-1.0,-2.0,1.0,0.0,-2.0,-3.0,-14.0,-2.0,2.0,-1.0,1.0,6.0,5.0,6.06,35.2,0.0,4.29,0.303,1.21,1.6,2
ホーム,0.2513333333333334,48.0,6.0,1.0,9.0,83.0,71.0,-100.0,20.0,13.0,-1.0,7.0,-21.0,1.0,12.0,0.3392222222222222,0.40688888888888886,0.7456666666666667,0.3128888888888889,0.0,0.0,0.0,-1.0,-3.0,5.0,0.0,0.0,27.0,1.0,-28.0,8.0,-3.0,0.0,0.0,20.0,16.0,5.83,66.1,0.143,5.56,0.318,1.58,1.67,7
アウェー,0.2222222222222222,-48.0,-6.0,-1.0,-9.0,-83.0,-71.0,100.0,-20.0,-13.0,1.0,-7.0,21.0,-1.0,-12.0,0.29500000000000004,0.36488888888888893,0.6601111111111111,0.23311111111111116,0.0,0.0,0.0,1.0,3.0,-5.0,0.0,0.0,-27.0,-1.0,28.0,-8.0,3.0,0.0,0.0,-20.0,-16.0,3.74,65.0,0.8,9.55,0.236,3.83,1.17,1
ホーム,0.2556666666666667,69.0,33.0,2.0,7.0,127.0,39.0,71.0,18.0,7.0,2.0,-1.0,26.0,8.0,-1.0,0.3207777777777778,0.40599999999999997,0.7266666666666667,0.26822222222222225,-3.0,-3.0,-1.0,-8.0,-3.0,-3.0,0.0,0.0,-15.0,9.0,-45.0,-3.0,-4.0,0.0,0.0,8.0,12.0,6.25,40.1,0.5,6.69,0.28,2.5,1.41,7
アウェー,0.24033333333333337,-69.0,-33.0,-2.0,-7.0,-127.0,-39.0,-71.0,-18.0,-7.0,-2.0,1.0,-26.0,-8.0,1.0,0.29277777777777775,0.4067777777777778,0.6993333333333333,0.23622222222222225,3.0,3.0,1.0,8.0,3.0,3.0,0.0,0.0,15.0,-9.0,45.0,3.0,4.0,0.0,0.0,-8.0,-12.0,1.85,78.0,0.5,8.65,0.206,5.0,0.96,3
ホーム,0.2664444444444445,-74.0,-12.0,-7.0,3.0,-91.0,-50.0,-70.0,-44.0,2.0,-1.0,-15.0,2.0,-2.0,-9.0,0.32333333333333336,0.42477777777777775,0.7478888888888888,0.2743333333333334,-3.0,-3.0,0.0,0.0,0.0,1.0,0.0,0.0,6.0,-1.0,-26.0,-12.0,-4.0,2.0,-2.0,-2.0,2.0,5.48,44.1,0.5,5.68,0.302,1.87,1.56,10
アウェー,0.249,74.0,12.0,7.0,-3.0,91.0,50.0,70.0,44.0,-2.0,1.0,15.0,-2.0,2.0,9.0,0.3195555555555556,0.3927777777777778,0.7125555555555556,0.27655555555555555,3.0,3.0,0.0,0.0,0.0,-1.0,0.0,0.0,-6.0,1.0,26.0,12.0,4.0,-2.0,2.0,2.0,-2.0,3.52,64.0,0.6,7.59,0.203,2.0,1.17,9
ホーム,0.23866666666666664,111.0,23.0,0.0,11.0,167.0,62.0,58.0,27.0,8.0,-3.0,11.0,-3.0,-1.0,11.0,0.2983333333333333,0.38622222222222224,0.6844444444444444,0.24655555555555553,2.0,2.0,0.0,-2.0,1.0,2.0,0.0,0.0,14.0,6.0,-10.0,-1.0,3.0,-2.0,-1.0,18.0,19.0,4.01,67.1,0.5,6.01,0.228,2.37,1.11,4
アウェー,0.24800000000000003,-111.0,-23.0,0.0,-11.0,-167.0,-62.0,-58.0,-27.0,-8.0,3.0,-11.0,3.0,1.0,-11.0,0.30477777777777776,0.41277777777777774,0.7175555555555556,0.26155555555555554,-2.0,-2.0,0.0,2.0,-1.0,-2.0,0.0,0.0,-14.0,-6.0,10.0,1.0,-3.0,2.0,1.0,-18.0,-19.0,1.73,57.1,0.6,8.63,0.207,2.75,1.08,2
ホーム,0.27088888888888885,158.0,35.0,5.0,23.0,272.0,133.0,85.0,97.0,7.0,-2.0,5.0,44.0,1.0,4.0,0.35411111111111115,0.4431111111111112,0.7971111111111111,0.3237777777777778,5.0,6.0,0.0,5.0,3.0,-1.0,0.0,0.0,31.0,1.0,39.0,12.0,1.0,0.0,0.0,9.0,8.0,3.12,69.1,0.8,8.57,0.227,3.0,1.18,12
アウェー,0.22911111111111115,-158.0,-35.0,-5.0,-23.0,-272.0,-133.0,-85.0,-97.0,-7.0,2.0,-5.0,-44.0,-1.0,-4.0,0.28611111111111115,0.3555555555555555,0.6415555555555555,0.23011111111111107,-5.0,-6.0,0.0,-5.0,-3.0,1.0,0.0,0.0,-31.0,-1.0,-39.0,-12.0,-1.0,0.0,0.0,-9.0,-8.0,5.4,26.2,0.333,9.11,0.276,2.7,1.46,5
ホーム,0.23500000000000001,-61.0,13.0,5.0,7.0,-17.0,-2.0,44.0,-25.0,4.0,0.0,5.0,4.0,-5.0,-31.0,0.30066666666666664,0.394,0.695,0.2958888888888889,0.0,0.0,0.0,0.0,1.0,-1.0,0.0,0.0,-17.0,0.0,31.0,1.0,-1.0,0.0,0.0,-3.0,-5.0,3.42,71.0,0.556,11.03,0.189,4.14,0.97,8
アウェー,0.262,61.0,-13.0,-5.0,-7.0,17.0,2.0,-44.0,25.0,-4.0,0.0,-5.0,-4.0,5.0,31.0,0.3273333333333333,0.3827777777777778,0.7101111111111112,0.2693333333333333,0.0,0.0,0.0,0.0,-1.0,1.0,0.0,0.0,17.0,0.0,-31.0,-1.0,1.0,0.0,0.0,3.0,5.0,4.24,68.0,0.444,7.41,0.253,2.8,1.25,11
ホーム,0.25922222222222224,73.0,-7.0,-4.0,10.0,88.0,9.0,-49.0,31.0,-14.0,1.0,2.0,10.0,0.0,8.0,0.3277777777777777,0.4166666666666667,0.744,0.2676666666666667,2.0,2.0,-1.0,0.0,0.0,4.0,0.0,0.0,30.0,5.0,18.0,-14.0,1.0,0.0,0.0,21.0,20.0,4.84,67.0,0.5,10.07,0.253,6.82,1.15,1
アウェー,0.2496666666666667,-73.0,7.0,4.0,-10.0,-88.0,-9.0,49.0,-31.0,14.0,-1.0,-2.0,-10.0,0.0,-8.0,0.32122222222222224,0.43277777777777776,0.754,0.2584444444444444,-2.0,-2.0,1.0,0.0,0.0,-4.0,0.0,0.0,-30.0,-5.0,-18.0,14.0,-1.0,0.0,0.0,-21.0,-20.0,2.44,59.0,0.833,8.69,0.175,2.28,1.03,6
ホーム,0.27222222222222225,34.0,15.0,2.0,23.0,122.0,51.0,-64.0,32.0,2.0,-6.0,4.0,10.0,-1.0,3.0,0.33811111111111114,0.45644444444444443,0.7942222222222222,0.2648888888888889,6.0,6.0,0.0,1.0,1.0,4.0,0.0,0.0,30.0,-1.0,7.0,22.0,1.0,2.0,0.0,23.0,20.0,5.02,57.1,0.222,4.87,0.251,1.07,1.48,1
アウェー,0.25622222222222224,-34.0,-15.0,-2.0,-23.0,-122.0,-51.0,64.0,-32.0,-2.0,6.0,-4.0,-10.0,1.0,-3.0,0.3204444444444444,0.38166666666666665,0.7024444444444444,0.2697777777777778,-6.0,-6.0,0.0,-1.0,-1.0,-4.0,0.0,0.0,-30.0,1.0,-7.0,-22.0,-1.0,-2.0,0.0,-23.0,-20.0,4.32,25.0,0.25,8.64,0.271,3.43,1.32,4
ホーム,0.235,43.0,-10.0,3.0,13.0,78.0,25.0,143.0,43.0,14.0,-3.0,3.0,4.0,-5.0,2.0,0.30477777777777776,0.3977777777777778,0.7025555555555556,0.2672222222222222,7.0,5.0,0.0,0.0,0.0,5.0,1.0,0.0,32.0,4.0,36.0,23.0,3.0,4.0,0.0,24.0,21.0,3.86,58.1,0.286,8.33,0.216,2.16,1.22,5
アウェー,0.26255555555555554,-43.0,10.0,-3.0,-13.0,-78.0,-25.0,-143.0,-43.0,-14.0,3.0,-3.0,-4.0,5.0,-2.0,0.31577777777777777,0.41488888888888886,0.7304444444444445,0.23911111111111114,-7.0,-5.0,0.0,0.0,0.0,-5.0,-1.0,0.0,-32.0,-4.0,-36.0,-23.0,-3.0,-4.0,0.0,-24.0,-21.0,1.3,27.2,1.0,5.86,0.149,9.0,0.58,4
ホーム,0.24611111111111109,-160.0,-24.0,-5.0,-31.0,-287.0,-95.0,-97.0,-112.0,-8.0,-1.0,-9.0,-15.0,-7.0,-16.0,0.31322222222222224,0.37877777777777777,0.6922222222222222,0.24777777777777776,0.0,0.0,0.0,3.0,1.0,0.0,0.0,0.0,5.0,2.0,3.0,10.0,-1.0,-3.0,-1.0,1.0,2.0,2.73,69.1,0.714,7.14,0.222,1.9,1.23,2
アウェー,0.2331111111111111,160.0,24.0,5.0,31.0,287.0,95.0,97.0,112.0,8.0,1.0,9.0,15.0,7.0,16.0,0.32066666666666666,0.39755555555555555,0.7182222222222223,0.24766666666666667,0.0,0.0,0.0,-3.0,-1.0,0.0,0.0,0.0,-5.0,-2.0,-3.0,-10.0,1.0,3.0,1.0,-1.0,-2.0,2.7,63.1,0.667,7.39,0.218,2.74,1.11,6
ホーム,0.23011111111111113,13.0,9.0,3.0,0.0,28.0,5.0,-19.0,33.0,4.0,-4.0,-8.0,8.0,-3.0,12.0,0.31666666666666665,0.3642222222222222,0.6809999999999999,0.2346666666666667,0.0,0.0,1.0,1.0,5.0,-2.0,0.0,0.0,1.0,0.0,1.0,6.0,6.0,0.0,1.0,1.0,1.0,3.42,73.2,0.7,8.06,0.25,3.3,1.22,1
アウェー,0.23933333333333331,-13.0,-9.0,-3.0,0.0,-28.0,-5.0,19.0,-33.0,-4.0,4.0,8.0,-8.0,3.0,-12.0,0.3028888888888889,0.37533333333333335,0.678,0.24344444444444444,0.0,0.0,-1.0,-1.0,-5.0,2.0,0.0,0.0,-1.0,0.0,-1.0,-6.0,-6.0,0.0,-1.0,-1.0,-1.0,3.66,66.1,0.286,8.82,0.267,4.64,1.25,8
ホーム,0.27399999999999997,87.0,29.0,7.0,37.0,241.0,55.0,-23.0,-21.0,-5.0,-1.0,6.0,-16.0,-13.0,-12.0,0.3302222222222222,0.48666666666666664,0.8167777777777778,0.29533333333333334,-1.0,-1.0,0.0,0.0,0.0,3.0,0.0,0.0,1.0,7.0,-8.0,-5.0,-2.0,-2.0,0.0,7.0,7.0,5.81,26.1,0.25,10.94,0.24,3.56,1.25,9
アウェー,0.22666666666666668,-87.0,-29.0,-7.0,-37.0,-241.0,-55.0,23.0,21.0,5.0,1.0,-6.0,16.0,13.0,12.0,0.3181111111111111,0.3502222222222222,0.6682222222222223,0.23166666666666666,1.0,1.0,0.0,0.0,0.0,-3.0,0.0,0.0,-1.0,-7.0,8.0,5.0,2.0,2.0,0.0,-7.0,-7.0,3.18,28.1,1.0,12.71,0.215,2.86,1.31,5
ホーム,0.2667777777777778,196.0,31.0,3.0,33.0,332.0,144.0,119.0,99.0,3.0,2.0,8.0,41.0,5.0,12.0,0.34400000000000003,0.4474444444444445,0.7916666666666667,0.31322222222222224,8.0,8.0,0.0,5.0,3.0,5.0,0.0,0.0,22.0,7.0,77.0,14.0,-1.0,3.0,0.0,18.0,19.0,3.49,69.2,0.5,12.01,0.194,6.2,0.93,4
アウェー,0.23733333333333334,-196.0,-31.0,-3.0,-33.0,-332.0,-144.0,-119.0,-99.0,-3.0,-2.0,-8.0,-41.0,-5.0,-12.0,0.30088888888888893,0.3667777777777778,0.6676666666666666,0.2118888888888889,-8.0,-8.0,0.0,-5.0,-3.0,-5.0,0.0,0.0,-22.0,-7.0,-77.0,-14.0,1.0,-3.0,0.0,-18.0,-19.0,2.57,28.0,1.0,5.14,0.264,16.0,1.04,3
ホーム,0.2566666666666666,-73.0,12.0,4.0,1.0,-50.0,-5.0,3.0,-37.0,-1.0,0.0,7.0,9.0,-3.0,-27.0,0.3188888888888889,0.4034444444444445,0.7224444444444444,0.3015555555555556,-4.0,-4.0,0.0,-1.0,-3.0,0.0,0.0,0.0,-8.0,-1.0,-28.0,-12.0,-1.0,2.0,0.0,-4.0,-6.0,5.74,26.2,0.25,6.08,0.336,3.6,1.61,3
アウェー,0.27566666666666667,73.0,-12.0,-4.0,-1.0,50.0,5.0,-3.0,37.0,1.0,0.0,-7.0,-9.0,3.0,27.0,0.3393333333333334,0.4124444444444444,0.7517777777777778,0.2721111111111111,4.0,4.0,0.0,1.0,3.0,0.0,0.0,0.0,8.0,1.0,28.0,12.0,1.0,-2.0,0.0,4.0,6.0,3.76,55.0,0.571,7.53,0.224,2.71,1.15,7
ホーム,0.25277777777777777,128.0,32.0,-2.0,9.0,183.0,59.0,100.0,39.0,6.0,-4.0,9.0,-5.0,-1.0,6.0,0.3147777777777778,0.4241111111111111,0.7387777777777778,0.26555555555555554,-7.0,-7.0,0.0,-4.0,-8.0,1.0,0.0,0.0,-25.0,-2.0,-72.0,-4.0,-3.0,-2.0,-1.0,-5.0,-9.0,5.82,21.2,0.0,4.15,0.322,1.67,1.62,9
アウェー,0.24944444444444447,-128.0,-32.0,2.0,-9.0,-183.0,-59.0,-100.0,-39.0,-6.0,4.0,-9.0,5.0,1.0,-6.0,0.293,0.4284444444444444,0.7214444444444444,0.2765555555555556,7.0,7.0,0.0,4.0,8.0,-1.0,0.0,0.0,25.0,2.0,72.0,4.0,3.0,2.0,1.0,5.0,9.0,3.06,67.2,0.889,10.91,0.213,8.2,0.95,11
ホーム,0.2338888888888889,2.0,-7.0,-2.0,-2.0,-15.0,-28.0,38.0,-39.0,-2.0,2.0,-1.0,13.0,8.0,11.0,0.28188888888888886,0.35488888888888886,0.6366666666666666,0.298,-3.0,-3.0,0.0,0.0,0.0,-2.0,0.0,0.0,-19.0,-2.0,-20.0,6.0,-6.0,-1.0,-1.0,-11.0,-8.0,2.96,54.2,0.5,7.24,0.203,1.69,1.17,0
アウェー,0.23522222222222222,-2.0,7.0,2.0,2.0,15.0,28.0,-38.0,39.0,2.0,-2.0,1.0,-13.0,-8.0,-11.0,0.30522222222222223,0.35911111111111116,0.6642222222222223,0.2508888888888889,3.0,3.0,0.0,0.0,0.0,2.0,0.0,0.0,19.0,2.0,20.0,-6.0,6.0,1.0,1.0,11.0,8.0,3.41,68.2,0.375,8.39,0.221,3.2,1.12,7
ホーム,0.24833333333333332,12.0,6.0,3.0,10.0,54.0,8.0,11.0,-1.0,2.0,4.0,2.0,23.0,8.0,-11.0,0.3091111111111111,0.40922222222222226,0.7182222222222223,0.25822222222222224,1.0,2.0,0.0,5.0,-2.0,4.0,0.0,0.0,4.0,-2.0,11.0,10.0,1.0,2.0,0.0,-2.0,-2.0,2.48,61.2,0.143,7.59,0.205,2.6,1.07,6
アウェー,0.2328888888888889,-12.0,-6.0,-3.0,-10.0,-54.0,-8.0,-11.0,1.0,-2.0,-4.0,-2.0,-23.0,-8.0,11.0,0.29200000000000004,0.3575555555555556,0.6494444444444444,0.25455555555555553,-1.0,-2.0,0.0,-5.0,2.0,-4.0,0.0,0.0,-4.0,2.0,-11.0,-10.0,-1.0,-2.0,0.0,2.0,2.0,3.92,43.2,0.6,8.45,0.251,4.1,1.19,3
ホーム,0.255,9.0,7.0,-7.0,15.0,47.0,-11.0,-8.0,-15.0,10.0,1.0,-15.0,8.0,-2.0,0.0,0.3196666666666667,0.42388888888888887,0.7432222222222222,0.24400000000000002,-4.0,-5.0,0.0,-1.0,-2.0,2.0,0.0,0.0,-19.0,5.0,-31.0,-16.0,0.0,1.0,0.0,-3.0,0.0,5.59,37.0,0.2,6.32,0.225,3.25,1.05,5
アウェー,0.2502222222222222,-9.0,-7.0,7.0,-15.0,-47.0,11.0,8.0,15.0,-10.0,-1.0,15.0,-8.0,2.0,0.0,0.3184444444444445,0.38,0.6985555555555556,0.2801111111111111,4.0,5.0,0.0,1.0,2.0,-2.0,0.0,0.0,19.0,-5.0,31.0,16.0,0.0,-1.0,0.0,3.0,0.0,3.63,57.0,0.6,9.0,0.234,2.38,1.3,10
ホーム,0.2184444444444444,-33.0,0.0,2.0,15.0,16.0,43.0,-60.0,-1.0,8.0,-4.0,3.0,-29.0,-2.0,2.0,0.30088888888888893,0.3697777777777777,0.6702222222222223,0.27333333333333326,0.0,0.0,0.0,0.0,-1.0,1.0,0.0,0.0,1.0,-2.0,-4.0,-3.0,0.0,5.0,-1.0,4.0,4.0,3.6,50.0,0.571,7.74,0.239,3.58,1.14,3
アウェー,0.23744444444444446,33.0,0.0,-2.0,-15.0,-16.0,-43.0,60.0,1.0,-8.0,4.0,-3.0,29.0,2.0,-2.0,0.31044444444444447,0.3617777777777778,0.6725555555555555,0.24000000000000002,0.0,0.0,0.0,0.0,1.0,-1.0,0.0,0.0,-1.0,2.0,4.0,3.0,0.0,-5.0,1.0,-4.0,-4.0,2.84,50.2,0.714,8.35,0.235,3.13,1.16,2
ホーム,0.2582222222222222,115.0,2.0,-4.0,25.0,184.0,49.0,-36.0,28.0,-10.0,-1.0,-1.0,14.0,0.0,2.0,0.31722222222222224,0.42322222222222217,0.740111111111111,0.2627777777777778,3.0,3.0,0.0,3.0,0.0,1.0,0.0,0.0,11.0,6.0,35.0,-6.0,-3.0,-3.0,-1.0,6.0,3.0,3.38,72.0,0.5,9.63,0.227,7.0,1.01,5
アウェー,0.2247777777777778,-115.0,-2.0,4.0,-25.0,-184.0,-49.0,36.0,-28.0,10.0,1.0,1.0,-14.0,0.0,-2.0,0.29333333333333333,0.36744444444444446,0.6607777777777779,0.211,-3.0,-3.0,0.0,-3.0,0.0,-1.0,0.0,0.0,-11.0,-6.0,-35.0,6.0,3.0,3.0,1.0,-6.0,-3.0,3.95,54.2,0.571,6.91,0.258,2.47,1.24,2
ホーム,0.2182222222222222,29.0,-10.0,1.0,6.0,39.0,21.0,149.0,50.0,15.0,-2.0,2.0,-8.0,-13.0,2.0,0.3201111111111111,0.3533333333333333,0.6733333333333333,0.252,0.0,0.0,0.0,-5.0,-2.0,1.0,0.0,0.0,17.0,-1.0,-1.0,8.0,2.0,3.0,0.0,18.0,18.0,6.14,63.0,0.333,10.0,0.269,2.59,1.48,9
アウェー,0.25733333333333336,-29.0,10.0,-1.0,-6.0,-39.0,-21.0,-149.0,-50.0,-15.0,2.0,-2.0,8.0,13.0,-2.0,0.311,0.41988888888888887,0.7305555555555556,0.23855555555555552,0.0,0.0,0.0,5.0,2.0,-1.0,0.0,0.0,-17.0,1.0,1.0,-8.0,-2.0,-3.0,0.0,-18.0,-18.0,3.18,70.2,0.5,9.04,0.192,3.74,0.96,0
ホーム,0.25988888888888884,126.0,23.0,8.0,28.0,249.0,113.0,99.0,80.0,6.0,-5.0,11.0,26.0,6.0,16.0,0.335,0.43244444444444446,0.7671111111111111,0.2962222222222222,-2.0,-2.0,-1.0,-4.0,-2.0,2.0,0.0,0.0,2.0,1.0,-2.0,-1.0,-2.0,3.0,0.0,7.0,5.0,3.0,57.0,0.7,12.16,0.213,5.13,1.05,6
アウェー,0.22666666666666668,-126.0,-23.0,-8.0,-28.0,-249.0,-113.0,-99.0,-80.0,-6.0,5.0,-11.0,-26.0,-6.0,-16.0,0.2977777777777778,0.32544444444444437,0.6237777777777779,0.1728888888888889,2.0,2.0,1.0,4.0,2.0,-2.0,0.0,0.0,-2.0,-1.0,2.0,1.0,2.0,-3.0,0.0,-7.0,-5.0,1.7,74.0,0.9,9.61,0.167,4.94,0.8,1
ホーム,0.2701111111111112,-121.0,-62.0,7.0,-48.0,-313.0,-57.0,-92.0,-99.0,20.0,7.0,5.0,-30.0,5.0,4.0,0.3426666666666667,0.4553333333333333,0.7981111111111111,0.2933333333333333,12.0,12.0,1.0,5.0,6.0,4.0,0.0,0.0,66.0,7.0,53.0,18.0,0.0,8.0,-2.0,20.0,22.0,3.53,140.1,0.688,7.44,0.248,3.14,1.21,6
アウェー,0.26266666666666666,121.0,62.0,-7.0,48.0,313.0,57.0,92.0,99.0,-20.0,-7.0,-5.0,30.0,-5.0,-4.0,0.3397777777777778,0.46077777777777773,0.8006666666666667,0.2782222222222222,-12.0,-12.0,-1.0,-5.0,-6.0,-4.0,0.0,0.0,-66.0,-7.0,-53.0,-18.0,0.0,-8.0,2.0,-20.0,-22.0,4.03,73.2,0.833,7.7,0.242,3.32,1.17,8
ホーム,0.2706666666666667,-76.0,-44.0,9.0,-40.0,-222.0,-32.0,-12.0,-85.0,23.0,11.0,4.0,-30.0,8.0,-1.0,0.339,0.4554444444444445,0.7945555555555556,0.28611111111111115,18.0,18.0,0.0,14.0,10.0,3.0,0.0,0.0,79.0,16.0,147.0,19.0,3.0,6.0,0.0,32.0,29.0,3.17,162.0,0.65,10.78,0.223,5.11,1.07,6
アウェー,0.2613333333333333,76.0,44.0,-9.0,40.0,222.0,32.0,12.0,85.0,-23.0,-11.0,-4.0,30.0,-8.0,1.0,0.33511111111111114,0.44966666666666666,0.7848888888888889,0.27577777777777773,-18.0,-18.0,0.0,-14.0,-10.0,-3.0,0.0,0.0,-79.0,-16.0,-147.0,-19.0,-3.0,-6.0,0.0,-32.0,-29.0,5.04,50.0,0.429,8.46,0.277,2.47,1.5,11
ホーム,0.2632222222222222,144.0,8.0,12.0,-20.0,116.0,77.0,50.0,-61.0,22.0,18.0,11.0,-24.0,6.0,20.0,0.3248888888888889,0.41488888888888886,0.7395555555555556,0.2872222222222222,-24.0,-26.0,0.0,-13.0,-10.0,-8.0,0.0,1.0,-149.0,-15.0,-159.0,-26.0,-3.0,0.0,0.0,-79.0,-72.0,5.7,36.1,0.333,6.44,0.248,1.63,1.38,14
アウェー,0.2515555555555556,-144.0,-8.0,-12.0,20.0,-116.0,-77.0,-50.0,61.0,-22.0,-18.0,-11.0,24.0,-6.0,-20.0,0.3308888888888889,0.4252222222222222,0.7561111111111111,0.26733333333333337,24.0,26.0,0.0,13.0,10.0,8.0,0.0,-1.0,149.0,15.0,159.0,26.0,3.0,0.0,0.0,79.0,72.0,4.71,181.2,0.524,9.17,0.259,4.4,1.24,3
ホーム,0.22055555555555556,-163.0,-56.0,-12.0,-56.0,-411.0,-156.0,129.0,-111.0,18.0,5.0,-10.0,-38.0,18.0,14.0,0.29611111111111105,0.3611111111111111,0.6571111111111111,0.21499999999999997,-1.0,-1.0,0.0,-1.0,-3.0,-3.0,0.0,0.0,-9.0,-2.0,-45.0,-10.0,3.0,-1.0,0.0,-15.0,-20.0,5.38,75.1,0.143,7.65,0.289,2.29,1.55,2
アウェー,0.26166666666666666,163.0,56.0,12.0,56.0,411.0,156.0,-129.0,111.0,-18.0,-5.0,10.0,38.0,-18.0,-14.0,0.3436666666666667,0.46311111111111114,0.8068888888888889,0.2777777777777778,1.0,1.0,0.0,1.0,3.0,3.0,0.0,0.0,9.0,2.0,45.0,10.0,-3.0,1.0,0.0,15.0,20.0,6.7,87.1,0.308,11.23,0.282,2.87,1.56,6
ホーム,0.22055555555555556,-162.0,-54.0,-12.0,-50.0,-390.0,-146.0,90.0,-96.0,24.0,6.0,-4.0,-33.0,18.0,15.0,0.29611111111111105,0.3611111111111111,0.6571111111111111,0.21499999999999997,-19.0,-18.0,0.0,-5.0,-4.0,-9.0,0.0,0.0,-105.0,-14.0,-78.0,-36.0,-4.0,1.0,-4.0,-52.0,-46.0,8.52,56.0,0.333,8.36,0.305,1.73,1.77,10
アウェー,0.26499999999999996,162.0,54.0,12.0,50.0,390.0,146.0,-90.0,96.0,-24.0,-6.0,4.0,33.0,-18.0,-15.0,0.343,0.45799999999999996,0.8009999999999999,0.27255555555555555,19.0,18.0,0.0,5.0,4.0,9.0,0.0,0.0,105.0,14.0,78.0,36.0,4.0,-1.0,4.0,52.0,46.0,5.19,171.2,0.316,6.82,0.265,1.97,1.4,1
ホーム,0.25900000000000006,22.0,17.0,8.0,6.0,73.0,24.0,-37.0,74.0,-17.0,-5.0,6.0,-28.0,-28.0,9.0,0.333,0.4365555555555556,0.7696666666666666,0.2752222222222222,-7.0,-4.0,0.0,1.0,-1.0,-3.0,0.0,-1.0,-26.0,-10.0,-23.0,-5.0,-1.0,-1.0,0.0,-12.0,-16.0,2.72,39.2,0.5,10.44,0.213,3.54,1.13,1
アウェー,0.24022222222222223,-22.0,-17.0,-8.0,-6.0,-73.0,-24.0,37.0,-74.0,17.0,5.0,-6.0,28.0,28.0,-9.0,0.3068888888888889,0.41455555555555557,0.7214444444444443,0.25344444444444447,7.0,4.0,0.0,-1.0,1.0,3.0,0.0,1.0,26.0,10.0,23.0,5.0,1.0,1.0,0.0,12.0,16.0,3.65,69.0,0.375,9.0,0.22,3.83,1.1,3
